site,20% acetone + NB UVB 20s trial 1,20% acetone + NB UVB 20s trial 2,20% acetone + NB UVB 20s trial 3,300uM NFX + UVA 30min trail 1,300uM NFX + UVA 30min trail 2,300uM NFX + UVA 30min trail 3
GTTC,0.056722341,0.052038022,0.056026179,0.02697426,0.019954636,0.015263886
GTTA,0.048410458,0.046626849,0.052799117,0.10284039,0.078564025,0.068770966
ATTC,0.083421543,0.078061789,0.075116951,0.082479902,0.066801367,0.053686837
CTTA,0.066563936,0.067146708,0.067803497,0.104653687,0.098654002,0.082064393
ATTG,0.049243807,0.041375112,0.058944138,0.132877931,0.116378849,0.037771713
GTTT,0.039759951,0.040894401,0.039237103,0.028019251,0.02907055,0.03373146
TTTC,0.09247469,0.084285602,0.084857318,0.035214921,0.039258955,0.057409683
CTTC,0.066943952,0.060637039,0.059562736,0.01850044,0.024115277,0.02447114
CTTG,0.057002105,0.053513171,0.051908271,0.036442595,0.039222221,0.033715542
CTTT,0.04819973,0.052534332,0.053414983,0.066282267,0.067860896,0.109394348
TTTA,0.117352735,0.117765983,0.119257177,0.163261802,0.161608821,0.213363283
ATTA,0.110754737,0.087709209,0.112324801,0.046814464,0.041619315,0.07722342
ATTT,0.009933612,0.011023509,0.016006685,0.01845342,0.021673314,0.016426228
TTTT,0.032521436,0.043182695,0.030378667,0.038297434,0.051184875,0.036751478
TTTG,0.096760719,0.123573701,0.083026811,0.074181877,0.097281469,0.107981627
GTTG,0.023934248,0.039631881,0.039335567,0.024705359,0.046751429,0.031973996